{"precision_score": 0.921898074618964, "f1_score": 0.9176917636290512, "average_precision_score": 0.9202337255007367}